event_id,annual_rate,gross_loss,net_loss
EV00000,0.0035714285714285713,22523143.99447486,17936363.113734826
EV00001,0.0035714285714285713,18736625.849884275,14667767.77201388
EV00002,0.0035714285714285713,15532667.571316384,12208205.639153829
EV00003,0.0035714285714285713,9456176.74833013,6991775.479865093
EV00004,0.0035714285714285713,14461427.849039953,11232988.936521646
EV00005,0.0035714285714285713,24177150.73177412,19301521.2676756
EV00006,0.0035714285714285713,12111983.523638442,9554454.261012316
EV00007,0.0035714285714285713,8554467.829777002,6527792.478127748
EV00008,0.0035714285714285713,10577201.268461756,8125080.817041025
EV00009,0.0035714285714285713,11066907.062315086,8836536.882363116
EV00010,0.0035714285714285713,6287959.655158864,4606710.701250967
EV00011,0.0035714285714285713,11363743.970272694,8829867.918317575
EV00012,0.0035714285714285713,14886675.847757552,10783146.434713703
EV00013,0.0035714285714285713,17399996.065934002,13512800.783321777
EV00014,0.0035714285714285713,19400924.405667454,15124379.32002312
EV00015,0.0035714285714285713,10576166.200845677,7897729.02103815
EV00016,0.0035714285714285713,13959414.643564293,10839293.166531978
EV00017,0.0035714285714285713,10148692.531115929,7443029.238393913
EV00018,0.0035714285714285713,16398326.481506884,12212702.583122531
EV00019,0.0035714285714285713,18232619.876168378,14128361.669668384
EV00020,0.0035714285714285713,18832544.550899707,14690228.692548672
EV00021,0.0035714285714285713,10244980.151899029,7814425.236326847
EV00022,0.0035714285714285713,17981275.471106317,13189928.234943908
EV00023,0.0035714285714285713,12834642.194595885,10045177.683007514
EV00024,0.0035714285714285713,7637727.600520892,6023169.281063305
EV00025,0.0035714285714285713,19851200.752481714,16059534.215515614
EV00026,0.0035714285714285713,8258018.237152342,6018939.013184824
EV00027,0.0035714285714285713,7037822.184055449,5477897.56926297
EV00028,0.0035714285714285713,12542093.750865445,9981064.27464203
EV00029,0.0035714285714285713,8971701.706606243,6750026.997128538
EV00030,0.0035714285714285713,12252176.50471389,9635074.535040397
EV00031,0.0035714285714285713,17693879.874615584,13497094.074152246
EV00032,0.0035714285714285713,5575583.011650566,4337295.782799825
EV00033,0.0035714285714285713,18066526.736464348,14495682.033825403
EV00034,0.0035714285714285713,20541726.15391702,15627904.307432618
EV00035,0.0035714285714285713,17537550.613682024,13380857.006023608
EV00036,0.0035714285714285713,18302934.88060081,13956474.722370777
EV00037,0.0035714285714285713,13207164.405912165,10212426.889577724
EV00038,0.0035714285714285713,15321083.692817757,11993059.098250525
EV00039,0.0035714285714285713,17139701.983508155,13421985.117011957
EV00040,0.0035714285714285713,14654302.785909008,11367167.44606704
EV00041,0.0035714285714285713,11113087.821398046,8504991.919199593
EV00042,0.0035714285714285713,9596816.087810574,7282527.914703421
EV00043,0.0035714285714285713,17938468.31374774,13935953.733035963
EV00044,0.0035714285714285713,19502308.367557872,14791866.619392429
EV00045,0.0035714285714285713,16951560.751027104,13106715.046466138
EV00046,0.0035714285714285713,22061148.436474033,17379394.173181348
EV00047,0.0035714285714285713,20961111.537419103,16246669.462293182
EV00048,0.0035714285714285713,8771412.902525099,6762379.834350139
EV00049,0.0035714285714285713,22044316.245109953,16887704.62280006
EV00050,0.0035714285714285713,19730493.226144746,15743221.907782067
EV00051,0.0035714285714285713,21560172.1185964,16951221.25895195
EV00052,0.0035714285714285713,8828067.87264465,6554834.692167189
EV00053,0.0035714285714285713,14542496.059781048,11018385.29553137
EV00054,0.0035714285714285713,10500893.426760845,8027896.285298104
EV00055,0.0035714285714285713,17500656.498674862,13342615.302648555
EV00056,0.0035714285714285713,16301024.871223751,12816249.745235998
EV00057,0.0035714285714285713,10009525.17852433,7707307.060207013
EV00058,0.0035714285714285713,14232795.079303715,10952764.936390903
EV00059,0.0035714285714285713,8128974.09233371,6460167.9109365055
EV00060,0.0035714285714285713,16897842.891507946,13591983.5353877
EV00061,0.0035714285714285713,9087959.541896926,6965216.335215202
EV00062,0.0035714285714285713,6401211.4100244595,4755125.657537802
EV00063,0.0035714285714285713,13720004.822440254,10473415.163637757
EV00064,0.0035714285714285713,7695672.0614877725,5942345.612417857
EV00065,0.0035714285714285713,8168831.4639321305,6005200.440237049
EV00066,0.0035714285714285713,13696235.073793376,10825745.233054593
EV00067,0.0035714285714285713,9729339.839644413,7503646.437152933
EV00068,0.0035714285714285713,16018620.203031868,11938591.692281011
EV00069,0.0035714285714285713,5936458.688573268,4657535.24887928
EV00070,0.0035714285714285713,7299209.592526041,5464182.711853538
EV00071,0.0035714285714285713,12860427.121108241,10042145.998409696
EV00072,0.0035714285714285713,8182820.508134772,6508001.343298825
EV00073,0.0035714285714285713,10014872.377327098,8007648.394320772
EV00074,0.0035714285714285713,17645542.89742414,13727191.213268137
EV00075,0.0035714285714285713,14964929.660986586,11728920.991721328
EV00076,0.0035714285714285713,10949357.808887886,8749370.200578064
EV00077,0.0035714285714285713,21972482.877121635,17517195.619108282
EV00078,0.0035714285714285713,12937646.235527933,9782158.49850342
EV00079,0.0035714285714285713,21950526.01113758,17443374.18952123
EV00080,0.0035714285714285713,11321358.990440862,8290832.335293303
EV00081,0.0035714285714285713,9654853.44334706,7141032.628504204
EV00082,0.0035714285714285713,19180015.44502841,15165658.529098004
EV00083,0.0035714285714285713,13305620.517076131,9854264.830902014
EV00084,0.0035714285714285713,10955638.289830312,8391508.878099462
EV00085,0.0035714285714285713,14813718.642591134,10769638.256022278
EV00086,0.0035714285714285713,7455849.179803371,5488882.992261764
EV00087,0.0035714285714285713,6369613.932366699,4816539.969129081
EV00088,0.0035714285714285713,15562690.090721665,11849486.086485364
EV00089,0.0035714285714285713,18411616.6105652,14220661.234194111
EV00090,0.0035714285714285713,11388259.394655362,8482609.237855114
EV00091,0.0035714285714285713,12742517.431095932,9987901.464909498
EV00092,0.0035714285714285713,17544110.685320497,13853691.142361563
EV00093,0.0035714285714285713,10983695.769822825,8690505.322732758
EV00094,0.0035714285714285713,14885221.246214736,11544609.454996193
EV00095,0.0035714285714285713,13656639.326691993,10557403.032947248
EV00096,0.0035714285714285713,9269005.568971636,7375967.542651335
EV00097,0.0035714285714285713,18359396.225492693,14730868.059647173
EV00098,0.0035714285714285713,23972415.812373787,19271965.542354703
EV00099,0.0035714285714285713,11540051.325966403,9248636.38543349
EV00100,0.0035714285714285713,16048943.796515439,12099533.413758263
EV00101,0.0035714285714285713,12751172.357828137,10050821.529921044
EV00102,0.0035714285714285713,6551759.426252586,4953485.662089885
EV00103,0.0035714285714285713,10376246.875358332,8178843.749937272
EV00104,0.0035714285714285713,13949277.148533262,10785986.148584582
EV00105,0.0035714285714285713,12250407.045489632,9865173.930592958
EV00106,0.0035714285714285713,22577805.63787434,18044629.03013634
EV00107,0.0035714285714285713,19823278.056659203,15783396.409863852
EV00108,0.0035714285714285713,5110062.884249139,3799764.862643244
EV00109,0.0035714285714285713,4576337.077878151,3386554.3238806548
EV00110,0.0035714285714285713,18733759.397504203,14488462.687871352
EV00111,0.0035714285714285713,12484707.410729624,9895612.888862375
EV00112,0.0035714285714285713,9452782.256472463,7101002.246140659
EV00113,0.0035714285714285713,7905460.547243161,6037197.745038094
EV00114,0.0035714285714285713,7019979.769384267,5408121.300818335
EV00115,0.0035714285714285713,14868769.10961064,11878730.741301032
EV00116,0.0035714285714285713,10197283.15910815,7728414.014892113
EV00117,0.0035714285714285713,10579444.006125104,7879768.410650327
EV00118,0.0035714285714285713,15561431.763386615,11908849.533064563
EV00119,0.0035714285714285713,14607885.138121637,10774928.437592648
EV00120,0.0035714285714285713,11410891.389027504,8722093.116015498
EV00121,0.0035714285714285713,15854563.880923962,12175268.743866755
EV00122,0.0035714285714285713,22795902.040409163,17736576.258348428
EV00123,0.0035714285714285713,7661630.27070005,5665798.4090952445
EV00124,0.0035714285714285713,7558254.656985779,5996624.279147845
EV00125,0.0035714285714285713,7833772.075165145,5995631.709594843
EV00126,0.0035714285714285713,8871319.443623664,6815137.634594068
EV00127,0.0035714285714285713,7938989.581551163,6027835.870813565
EV00128,0.0035714285714285713,20309345.079345368,16049793.483649122
EV00129,0.0035714285714285713,18363245.712456487,14555563.168156981
EV00130,0.0035714285714285713,18261279.205631465,14443257.98441732
EV00131,0.0035714285714285713,7588323.899272036,5777207.542376611
EV00132,0.0035714285714285713,15658836.694226205,11820814.467135977
EV00133,0.0035714285714285713,20865728.913056955,16149138.731255114
EV00134,0.0035714285714285713,8758221.104454363,6666167.047949493
EV00135,0.0035714285714285713,12834120.183119128,10198047.679891802
EV00136,0.0035714285714285713,20165075.94076911,15940314.731823515
EV00137,0.0035714285714285713,15880791.21469641,12474405.967996178
EV00138,0.0035714285714285713,21175316.829089563,16282952.310728583
EV00139,0.0035714285714285713,9964771.933142692,7563609.154481918
EV00140,0.0015384615384615385,36200224.57956007,30842238.187661607
EV00141,0.0015384615384615385,53610188.90995707,45601306.037989445
EV00142,0.0015384615384615385,59863253.043901,52107907.60723579
EV00143,0.0015384615384615385,36449929.9162035,30990809.774538465
EV00144,0.0015384615384615385,74734525.51098208,66155230.57748134
EV00145,0.0015384615384615385,43157363.77036995,36883771.917850494
EV00146,0.0015384615384615385,47697839.40956849,40509468.75204233
EV00147,0.0015384615384615385,57537069.70004572,49547864.39399839
EV00148,0.0015384615384615385,58616961.77492463,50898944.704040326
EV00149,0.0015384615384615385,63442176.00405843,55446985.74385813
EV00150,0.0015384615384615385,69574826.72803402,61432234.91246064
EV00151,0.0015384615384615385,48298282.05416536,41703886.32567042
EV00152,0.0015384615384615385,62193978.1500815,54238896.89412223
EV00153,0.0015384615384615385,61073506.65999693,53279025.50097735
EV00154,0.0015384615384615385,63196711.855407864,55097953.418694735
EV00155,0.0015384615384615385,71972185.08402476,63843965.128431976
EV00156,0.0015384615384615385,32345761.538711593,27191805.57120662
EV00157,0.0015384615384615385,62215227.66056581,54795177.54887406
EV00158,0.0015384615384615385,66189424.39529796,58310321.95134956
EV00159,0.0015384615384615385,36965958.604568854,31249126.418785483
EV00160,0.0015384615384615385,43337729.42373268,36799396.2331159
EV00161,0.0015384615384615385,28225016.590639345,23854279.15679451
EV00162,0.0015384615384615385,72146360.40982959,63710366.81058915
EV00163,0.0015384615384615385,29506883.414407853,25072791.94499182
EV00164,0.0015384615384615385,47866947.805451706,41199185.613181844
EV00165,0.0015384615384615385,39157599.66764775,33995604.145553775
EV00166,0.0015384615384615385,43187867.7995584,36480264.8918034
EV00167,0.0015384615384615385,47590933.90442759,41427277.004355825
EV00168,0.0015384615384615385,39279823.37446689,33518408.073252488
EV00169,0.0015384615384615385,39221178.88807777,32974143.3823953
EV00170,0.0015384615384615385,32111643.619731955,27504748.040028088
EV00171,0.0015384615384615385,50510835.40154114,43942333.39091459
EV00172,0.0015384615384615385,33546896.01844499,28726823.441646017
EV00173,0.0015384615384615385,54992613.46083021,47537948.59593031
EV00174,0.0015384615384615385,50984960.86144817,43971042.132971
EV00175,0.0015384615384615385,63616227.365758285,55200699.350858115
EV00176,0.0015384615384615385,36441941.59318489,30693696.334629532
EV00177,0.0015384615384615385,49898423.63158365,42814485.658037834
EV00178,0.0015384615384615385,27922036.31502534,23249140.816368908
EV00179,0.0015384615384615385,55536029.73342499,48488707.56902155
EV00180,0.0015384615384615385,45280340.63626159,39207405.99223724
EV00181,0.0015384615384615385,42746322.37291679,36942819.60723433
EV00182,0.0015384615384615385,48532553.922602266,41708084.91622211
EV00183,0.0015384615384615385,50244953.6386631,43267953.96468715
EV00184,0.0015384615384615385,27322682.789083935,22752242.8128478
EV00185,0.0015384615384615385,35232394.32967863,30370001.68302957
EV00186,0.0015384615384615385,40110318.63510032,33855825.99741504
EV00187,0.0015384615384615385,25593262.64378514,21586983.873457942
EV00188,0.0015384615384615385,40740977.11196232,35129606.77676158
EV00189,0.0015384615384615385,46881743.56483848,40187259.55146766
EV00190,0.0015384615384615385,52756236.81974475,45000108.67770727
EV00191,0.0015384615384615385,24797062.841149837,21421528.71480546
EV00192,0.0015384615384615385,65617456.25685169,57588565.13203691
EV00193,0.0015384615384615385,78609716.949135,70247373.90946679
EV00194,0.0015384615384615385,24135957.93745264,20222226.592572995
EV00195,0.0015384615384615385,74299923.61834538,65826987.97837494
EV00196,0.0015384615384615385,65266292.78888355,57413426.87638447
EV00197,0.0015384615384615385,69582852.30331592,61793184.886337504
EV00198,0.0015384615384615385,29202844.7632544,24470562.19356168
EV00199,0.0015384615384615385,47606561.95220206,41156091.50518669
EV00200,0.0015384615384615385,39143409.1466956,33828900.985486716
EV00201,0.0015384615384615385,25168950.53439779,20878684.5389264
EV00202,0.0015384615384615385,67642685.18937194,59362043.48866769
EV00203,0.0015384615384615385,68311331.30431375,60499981.401469365
EV00204,0.0015384615384615385,21948796.67976126,18650743.10103509
EV00205,0.0015384615384615385,26443289.738916308,22090706.03436403
EV00206,0.0015384615384615385,34678393.2372272,29749122.54602083
EV00207,0.0015384615384615385,47357910.26469159,41226128.78237444
EV00208,0.0015384615384615385,52983137.3694449,45251038.32161601
EV00209,0.0015384615384615385,26535489.583113834,22493610.732077528
EV00210,0.0015384615384615385,38402627.55565335,32844348.390300386
EV00211,0.0015384615384615385,61534438.53252621,54021906.50359968
EV00212,0.0015384615384615385,51169178.467615664,44304989.20945672
EV00213,0.0015384615384615385,47689122.129252836,40714332.16023506
EV00214,0.0015384615384615385,50774561.75623769,44101024.52080011
EV00215,0.0015384615384615385,46038113.21034652,39759421.90636887
EV00216,0.0015384615384615385,55417348.05217226,48466815.82742663
EV00217,0.0015384615384615385,43110262.32570742,37305734.96849781
EV00218,0.0015384615384615385,57337593.15070772,50178331.26088573
EV00219,0.0015384615384615385,29169993.27901818,24403435.90729855
EV00220,0.0015384615384615385,31650597.564098224,26629415.66336205
EV00221,0.0015384615384615385,29577267.62508887,25094383.0726474
EV00222,0.0015384615384615385,43188548.22983305,37500682.30100186
EV00223,0.0015384615384615385,33044726.43056399,27885546.977948673
EV00224,0.0015384615384615385,50472455.155534655,44057836.24261025
EV00225,0.0015384615384615385,39062645.41059846,32745027.622941643
EV00226,0.0015384615384615385,26140549.933025002,22726325.56925513
EV00227,0.0015384615384615385,61807042.27315234,53815158.625362016
EV00228,0.0015384615384615385,48217132.37830565,41101875.11812751
EV00229,0.0015384615384615385,71274232.21551973,62803725.171181396
EV00230,0.0015384615384615385,36950463.85481238,30732134.933129326
EV00231,0.0015384615384615385,40305071.19636249,33866403.96374103
EV00232,0.0015384615384615385,42679631.43129667,36684845.61445957
EV00233,0.0015384615384615385,63521629.544622004,55669446.24493294
EV00234,0.0015384615384615385,62794687.08967193,55305328.846502945
EV00235,0.0015384615384615385,49966933.6338561,43279478.923881516
EV00236,0.0015384615384615385,63876834.27207198,55936329.74169238
EV00237,0.0015384615384615385,56136716.40255588,48707336.11052309
EV00238,0.0015384615384615385,40844907.425267816,34493180.52722597
EV00239,0.0015384615384615385,60938927.920088276,53460977.951356485
EV00240,0.0015384615384615385,68944446.2858786,60812916.356777415
EV00241,0.0015384615384615385,27313545.82746173,22917059.609529834
EV00242,0.0015384615384615385,28570770.294350516,24868536.937050693
EV00243,0.0015384615384615385,42888129.88431273,36268675.45144332
EV00244,0.0015384615384615385,21097742.266130276,17628400.535356544
EV00245,0.0015384615384615385,64374884.0467802,56478443.606970534
EV00246,0.0015384615384615385,38157621.209498875,31880309.809167325
EV00247,0.0015384615384615385,22977810.614453726,19661155.565997753
EV00248,0.0015384615384615385,51564046.184546515,44162474.731962726
EV00249,0.0015384615384615385,29834917.56536358,25666719.300879225
EV00250,0.0015384615384615385,55916665.4433773,48693626.09443842
EV00251,0.0015384615384615385,32062273.96569206,26842822.900202997
EV00252,0.0015384615384615385,23439524.4321143,19490378.32271216
EV00253,0.0015384615384615385,52937308.42249295,45633375.10545571
EV00254,0.0015384615384615385,34376246.466293834,28538032.39108893
EV00255,0.0015384615384615385,37487545.445771985,31662217.629934967
EV00256,0.0015384615384615385,60521107.127676845,52510871.988275796
EV00257,0.0015384615384615385,43821647.512785874,37298179.87215075
EV00258,0.0015384615384615385,40163328.21211785,33770084.850044206
EV00259,0.0015384615384615385,42584771.99113053,36838097.24417436
EV00260,0.0015384615384615385,31405257.563396,26620656.550111208
EV00261,0.0015384615384615385,23520641.35955873,20130587.59410746
EV00262,0.0015384615384615385,19840105.513328575,16625922.723700646
EV00263,0.0015384615384615385,35067044.66203278,30011049.916122988
EV00264,0.0015384615384615385,23892793.075146183,20524544.174774922
EV00265,0.0015384615384615385,55874874.5022562,48515874.2004142
EV00266,0.0015384615384615385,73233873.86828834,64781985.52212747
EV00267,0.0015384615384615385,48499964.301001735,42215319.95831929
EV00268,0.0015384615384615385,76218324.08407824,67717804.0780963
EV00269,0.0015384615384615385,68224437.56640697,59976015.709717184
EV00270,0.0008333333333333334,133775565.39808711,123469480.18255293
EV00271,0.0008333333333333334,143083998.82895693,132941131.31938066
EV00272,0.0008333333333333334,120615966.56084065,111153930.09624238
EV00273,0.0008333333333333334,76492541.7563619,68569262.29618332
EV00274,0.0008333333333333334,139999029.829186,130024208.31175426
EV00275,0.0008333333333333334,84412813.18858944,75899945.04660885
EV00276,0.0008333333333333334,137912240.0359946,127767431.47308582
EV00277,0.0008333333333333334,130824153.68460196,120808315.81772333
EV00278,0.0008333333333333334,118126297.5866978,108186737.72935107
EV00279,0.0008333333333333334,121976574.92806953,112184322.83102371
EV00280,0.0008333333333333334,111554310.0433318,102085719.2628597
EV00281,0.0008333333333333334,129491483.45741877,119527336.81559175
EV00282,0.0008333333333333334,129404923.17396508,119313026.44085646
EV00283,0.0008333333333333334,105038002.10289624,96546257.88630328
EV00284,0.0008333333333333334,145200100.19581527,134746458.24168524
EV00285,0.0008333333333333334,173725413.48222423,163258735.56071186
EV00286,0.0008333333333333334,87212997.05849606,77958623.71402198
EV00287,0.0008333333333333334,130135878.01457864,120743640.52197525
EV00288,0.0008333333333333334,68285345.38727266,60603323.41132791
EV00289,0.0008333333333333334,89077774.50053583,80365283.25640513
EV00290,0.0008333333333333334,70388855.7995816,62672829.035358794
EV00291,0.0008333333333333334,79727913.47627486,71530584.4974699
EV00292,0.0008333333333333334,82067044.73657271,73453171.4057163
EV00293,0.0008333333333333334,134203670.67232868,124201831.29204188
EV00294,0.0008333333333333334,67469342.07654175,60239222.93355177
EV00295,0.0008333333333333334,75478768.24599856,67359851.65288511
EV00296,0.0008333333333333334,84215962.23290434,75687574.76463291
EV00297,0.0008333333333333334,90027510.67874557,81099275.78925878
EV00298,0.0008333333333333334,145334713.52006227,135444487.1356873
EV00299,0.0008333333333333334,103162428.40013458,94591221.05506358
EV00300,0.0008333333333333334,169346954.04782283,158881472.20723975
EV00301,0.0008333333333333334,126162924.95577474,116523867.0123063
EV00302,0.0008333333333333334,79753394.20537746,72367596.51239777
EV00303,0.0008333333333333334,156420157.37397864,146138812.16732997
EV00304,0.0008333333333333334,88888969.1452488,80541122.01260236
EV00305,0.0008333333333333334,167519428.63650617,157173218.42980057
EV00306,0.0008333333333333334,138587387.25884217,129061001.083929
EV00307,0.0008333333333333334,84187605.82351074,76357171.2370459
EV00308,0.0008333333333333334,130242139.61719148,120145054.07751082
EV00309,0.0008333333333333334,188551221.9916319,178083795.41614407
EV00310,0.0008333333333333334,148171475.5999022,137780454.6468331
EV00311,0.0008333333333333334,76089662.3294291,68130355.04003827
EV00312,0.0008333333333333334,61759282.3226944,55105658.11043173
EV00313,0.0008333333333333334,129537473.32226107,119869600.13750593
EV00314,0.0008333333333333334,84493999.64068997,76648379.82680458
EV00315,0.0008333333333333334,143177610.7168843,132882575.02247769
EV00316,0.0008333333333333334,152589760.36190194,142575026.52904588
EV00317,0.0008333333333333334,93887863.49827832,85909858.7748071
EV00318,0.0008333333333333334,108655285.67091712,99195409.56022304
EV00319,0.0008333333333333334,63044766.9143226,56279774.79001262
EV00320,0.0008333333333333334,95542339.51549158,87354828.90358558
EV00321,0.0008333333333333334,105472652.55764128,95896021.07283777
EV00322,0.0008333333333333334,112070815.01511809,102933064.03536722
EV00323,0.0008333333333333334,139647946.6547142,129301643.2140253
EV00324,0.0008333333333333334,101283026.3331775,91982186.5800761
EV00325,0.0008333333333333334,127123832.7670368,116982829.99874163
EV00326,0.0008333333333333334,125605346.0902125,116273112.51108614
EV00327,0.0008333333333333334,108695048.19107832,100143974.50555363
EV00328,0.0008333333333333334,109774429.86495882,100511951.524465
EV00329,0.0008333333333333334,88363450.38610289,79677052.72485335
EV00330,0.0008333333333333334,122118969.39031586,112129537.68867494
EV00331,0.0008333333333333334,160992355.76613557,150654942.85413176
EV00332,0.0008333333333333334,134008253.8296428,123695751.43840411
EV00333,0.0008333333333333334,179499034.95130387,169043455.24308804
EV00334,0.0008333333333333334,107223524.7042613,98308682.75766745
EV00335,0.0008333333333333334,91570927.23014663,83100719.93274279
EV00336,0.0008333333333333334,171346040.69963187,160969527.86446097
EV00337,0.0008333333333333334,79984172.20316155,71504185.73348275
EV00338,0.0008333333333333334,111128659.38527694,101515525.81354403
EV00339,0.0008333333333333334,101182900.99967948,92439300.1187896
EV00340,0.0008333333333333334,110669221.39808057,101348482.60396653
EV00341,0.0008333333333333334,127981877.15012741,118788426.17729378
EV00342,0.0008333333333333334,143366921.62438565,133129942.24252844
EV00343,0.0008333333333333334,159573208.3439805,149290880.2878418
EV00344,0.0008333333333333334,79834715.66507024,71495977.04201338
EV00345,0.0008333333333333334,65946840.073724605,57849380.11663275
EV00346,0.0008333333333333334,58621974.03940029,51272576.40259859
EV00347,0.0008333333333333334,103463916.8788456,94104154.83243945
EV00348,0.0008333333333333334,91204106.94476199,82678722.81802428
EV00349,0.0008333333333333334,138402058.6747541,128627707.8954528
EV00350,0.0008333333333333334,134115288.39201128,124275824.40482804
EV00351,0.0008333333333333334,139743695.89837322,130104359.93696454
EV00352,0.0008333333333333334,117315383.20244591,107494207.38716085
EV00353,0.0008333333333333334,108957842.70794606,100039057.76811884
EV00354,0.0008333333333333334,101680059.06734851,92560816.81546548
EV00355,0.0008333333333333334,112670451.98248424,103900416.76040599
EV00356,0.0008333333333333334,145432596.72514978,135580556.58013487
EV00357,0.0008333333333333334,109259292.5537758,99855165.77608436
EV00358,0.0008333333333333334,132855969.05492656,123518040.32367264
EV00359,0.0008333333333333334,154518596.42879954,144128236.07542315
EV00360,0.0008333333333333334,116481658.9426392,106200654.66038036
EV00361,0.0008333333333333334,110022537.35642524,100443963.93183821
EV00362,0.0008333333333333334,84842594.4699791,76691412.17896822
EV00363,0.0008333333333333334,127119611.60966946,117189416.87832826
EV00364,0.0008333333333333334,120034986.40108702,110847949.76179683
EV00365,0.0008333333333333334,98350391.10605723,89102724.23618326
EV00366,0.0008333333333333334,113063675.71060476,102924094.27034818
EV00367,0.0008333333333333334,139852954.70654884,129688712.31548026
EV00368,0.0008333333333333334,106264706.67830494,97878356.59285498
EV00369,0.0008333333333333334,126688318.63805713,117235922.99395494
EV00370,0.0008333333333333334,105200381.02043441,96351916.12673804
EV00371,0.0008333333333333334,178651143.72256947,168183646.1988295
EV00372,0.0008333333333333334,155225687.77747828,144891417.92843652
EV00373,0.0008333333333333334,105498547.67509392,97067047.98094109
EV00374,0.0008333333333333334,149347182.47739613,139014885.23257294
EV00375,0.0008333333333333334,90950401.04422921,82952468.95708123
EV00376,0.0008333333333333334,91507080.30082011,82698912.60507722
EV00377,0.0008333333333333334,145578773.4225552,135544986.96947622
EV00378,0.0008333333333333334,63638981.38497929,55955220.53386964
EV00379,0.0008333333333333334,151406974.80308127,141416429.80007327
EV00380,0.0008333333333333334,162763285.95954967,152579976.72730052
EV00381,0.0008333333333333334,104482961.24948843,95034577.87419945
EV00382,0.0008333333333333334,75185278.04721461,67738852.58191475
EV00383,0.0008333333333333334,132100201.88913867,122126982.36115053
EV00384,0.0008333333333333334,142982146.6387019,133445883.69708161
EV00385,0.0008333333333333334,167615560.1251673,157289111.74651146
EV00386,0.0008333333333333334,149230798.9863221,139053507.08371186
EV00387,0.0008333333333333334,135789873.27668113,126425621.33798409
EV00388,0.0008333333333333334,116203252.14163098,107286225.54187241
EV00389,0.0008333333333333334,121657232.43663001,112044799.3066122
EV00390,0.00036363636363636367,202256462.29809183,192264564.0328964
EV00391,0.00036363636363636367,232067145.75527078,221589781.83959243
EV00392,0.00036363636363636367,284129484.6614231,273641473.6614231
EV00393,0.00036363636363636367,216906291.7438795,206509810.40776676
EV00394,0.00036363636363636367,318976458.7987967,308488447.7987967
EV00395,0.00036363636363636367,213977794.3631699,203489783.36316997
EV00396,0.00036363636363636367,250699578.03858894,240348066.69494253
EV00397,0.00036363636363636367,295133512.208852,284645501.20885205
EV00398,0.00036363636363636367,245408656.30006567,234923797.6405894
EV00399,0.00036363636363636367,162407710.1268369,152088702.0911566
EV00400,0.00036363636363636367,234854271.4018715,224444052.90678316
EV00401,0.00036363636363636367,328906368.25937057,318418357.25937057
EV00402,0.00036363636363636367,199087489.9433428,188602948.41530806
EV00403,0.00036363636363636367,180637305.4333806,170516640.63468364
EV00404,0.00036363636363636367,349486347.9058185,338998336.9058185
EV00405,0.00036363636363636367,330738145.6441426,320250134.6441426
EV00406,0.00036363636363636367,241229926.90534216,230741915.90534216
EV00407,0.00036363636363636367,287715582.0591841,277227571.0591841
EV00408,0.00036363636363636367,312304529.6380029,301816518.6380029
EV00409,0.00036363636363636367,356280064.5479289,345792053.5479289
EV00410,0.00036363636363636367,198533698.4619789,188325436.84953016
EV00411,0.00036363636363636367,142975661.80466387,133183107.29463899
EV00412,0.00036363636363636367,271942265.6522983,261454254.65229827
EV00413,0.00036363636363636367,161798515.97163776,151748457.04438847
EV00414,0.00036363636363636367,220321613.5179881,209833602.5179881
EV00415,0.00036363636363636367,284474504.3161427,273986493.3161427
EV00416,0.00036363636363636367,253798213.2784034,243310202.2784034
EV00417,0.00036363636363636367,187963526.72941595,177998082.6722674
EV00418,0.00036363636363636367,194183663.1879856,183699028.65593848
EV00419,0.00036363636363636367,333692767.9241266,323204756.9241266
EV00420,0.00036363636363636367,183781964.63350725,173704635.08957118
EV00421,0.00036363636363636367,222804892.82358947,212697311.43641657
EV00422,0.00036363636363636367,215585074.2359065,205097666.6806258
EV00423,0.00036363636363636367,325830873.3927663,315342862.3927663
EV00424,0.00036363636363636367,271542057.94827867,261054046.94827864
EV00425,0.00036363636363636367,241906980.83477083,231422582.1687208
EV00426,0.00036363636363636367,215284367.39216548,204814221.60499737
EV00427,0.00036363636363636367,221914495.99844027,211446138.32526934
EV00428,0.00036363636363636367,255773268.22724658,245286991.15292025
EV00429,0.00036363636363636367,286808962.812468,276320951.81246805
EV00430,0.00036363636363636367,278145708.1823908,267657697.1823908
EV00431,0.00036363636363636367,243356221.3394891,232868210.3394891
EV00432,0.00036363636363636367,307201356.9240453,296713345.9240453
EV00433,0.00036363636363636367,249986571.8299226,239498560.82992262
EV00434,0.00036363636363636367,282345952.60312635,271857941.60312635
EV00435,0.00036363636363636367,238999155.77594674,228511144.77594674
EV00436,0.00036363636363636367,240018658.18004155,229541049.06327933
EV00437,0.00036363636363636367,234755653.7737636,224267642.7737636
EV00438,0.00036363636363636367,274205493.5914537,263717482.59145367
EV00439,0.00036363636363636367,278301614.5666229,267813603.5666229
EV00440,0.00036363636363636367,186038907.07431984,175941355.67061526
EV00441,0.00036363636363636367,321697802.8481889,311209791.8481888
EV00442,0.00036363636363636367,225090032.34778595,214602021.34778595
EV00443,0.00036363636363636367,266220152.47116888,255733125.6186659
EV00444,0.00036363636363636367,264903814.87238276,254415803.87238276
EV00445,0.00036363636363636367,293180034.0255233,282692023.02552336
EV00446,0.00036363636363636367,260685091.2368075,250201651.28424087
EV00447,0.00036363636363636367,269902349.1079533,259414338.10795337
EV00448,0.00036363636363636367,196585472.2893719,186279034.8320574
EV00449,0.00036363636363636367,232739521.34105736,222251510.34105736
EV00450,0.00036363636363636367,172826514.19922125,162655968.6295709
EV00451,0.00036363636363636367,259666575.69139194,249178564.69139194
EV00452,0.00036363636363636367,236305873.07982284,225817862.07982284
EV00453,0.00036363636363636367,204385670.84581822,193989932.40222985
EV00454,0.00036363636363636367,283814022.26810867,273326011.26810867
EV00455,0.00036363636363636367,223175509.15249857,212687498.15249857
EV00456,0.00036363636363636367,272045551.823526,261557540.823526
EV00457,0.00036363636363636367,194588332.67688778,184164278.7337636
EV00458,0.00036363636363636367,308359481.0642087,297871470.0642087
EV00459,0.00036363636363636367,318994466.3952307,308506455.3952307
EV00460,0.00036363636363636367,222003420.58769798,211515478.8209992
EV00461,0.00036363636363636367,280113202.55790526,269625191.55790526
EV00462,0.00036363636363636367,230132213.05678594,219644202.05678594
EV00463,0.00036363636363636367,257354660.80005985,246881609.80751693
EV00464,0.00036363636363636367,275894830.94086087,265406819.9408609
EV00465,0.00036363636363636367,273256855.07546616,262768844.07546613
EV00466,0.00036363636363636367,212618072.04080367,202130061.04080367
EV00467,0.00036363636363636367,325336082.612849,314848071.612849
EV00468,0.00036363636363636367,284546703.03256583,274058692.03256583
EV00469,0.00036363636363636367,315429442.95252806,304941431.95252806
EV00470,0.00036363636363636367,309853097.0406992,299365086.0406992
EV00471,0.00036363636363636367,281726664.24492484,271238653.24492484
EV00472,0.00036363636363636367,202576926.36015356,192288639.3006751
EV00473,0.00036363636363636367,245169104.7623715,234681093.7623715
EV00474,0.00036363636363636367,284618945.6130818,274130934.6130818
EV00475,0.00036363636363636367,203313164.39245725,192827852.19601625
EV00476,0.00036363636363636367,280554982.4091965,270066971.4091965
EV00477,0.00036363636363636367,311284252.33144593,300796241.33144593
EV00478,0.00036363636363636367,289857623.7070619,279369612.7070619
EV00479,0.00036363636363636367,223891037.11488196,213487724.810677
EV00480,0.00036363636363636367,285359940.4704863,274871929.4704863
EV00481,0.00036363636363636367,272663608.0715028,262175597.07150283
EV00482,0.00036363636363636367,337692768.9438381,327204757.9438381
EV00483,0.00036363636363636367,219130542.44124597,208677109.53680748
EV00484,0.00036363636363636367,192389322.4508458,181968404.00134486
EV00485,0.00036363636363636367,309031605.5063716,298543594.5063716
EV00486,0.00036363636363636367,187845726.25543845,177576752.36947763
EV00487,0.00036363636363636367,178160609.21056172,168016933.55161604
EV00488,0.00036363636363636367,177314522.05138013,166998388.3896226
EV00489,0.00036363636363636367,256660117.45279422,246172433.38062608
EV00490,0.00036363636363636367,218080217.06272537,207706048.68280393
EV00491,0.00036363636363636367,254685809.68373942,244197798.68373942
EV00492,0.00036363636363636367,330723967.7104534,320235956.7104534
EV00493,0.00036363636363636367,206611991.57902545,196123980.57902545
EV00494,0.00036363636363636367,186482449.85275006,176039804.69551063
EV00495,0.00036363636363636367,334736335.3325213,324248324.3325214
EV00496,0.00036363636363636367,237507763.2295568,227025559.68098444
EV00497,0.00036363636363636367,232408799.49328187,221933531.13859698
EV00498,0.00036363636363636367,227783782.88041162,217583189.44149798
EV00499,0.00036363636363636367,278872538.5595517,268384527.55955175
EV00500,0.0002,370579919.95394665,360091908.9539467
EV00501,0.0002,342006513.790812,331518502.790812
EV00502,0.0002,478821431.6837533,468333420.6837533
EV00503,0.0002,387641328.59753835,377153317.59753835
EV00504,0.0002,368784215.7699977,358296204.7699977
EV00505,0.0002,458933739.22795266,448445728.22795266
EV00506,0.0002,285196073.45500934,274710130.35263014
EV00507,0.0002,453874102.6227203,443386091.62272024
EV00508,0.0002,292175519.95890105,281687508.95890105
EV00509,0.0002,336571871.5739461,326083860.5739461
EV00510,0.0002,443291407.96182764,432803396.9618277
EV00511,0.0002,401033327.8520411,390545316.8520411
EV00512,0.0002,438496300.91052145,428008289.91052145
EV00513,0.0002,280655876.23938966,270168016.3304522
EV00514,0.0002,345611743.576601,335123732.576601
EV00515,0.0002,416280386.2065676,405792375.2065676
EV00516,0.0002,356252147.3350011,345764136.3350011
EV00517,0.0002,369006496.0833417,358518485.0833417
EV00518,0.0002,400932357.5095829,390444346.5095829
EV00519,0.0002,286765430.0598909,276277419.0598909
EV00520,0.0002,376329535.5732054,365841524.5732054
EV00521,0.0002,468361299.5939923,457873288.59399223
EV00522,0.0002,445301308.241687,434813297.241687
EV00523,0.0002,378047644.3417039,367559633.3417039
EV00524,0.0002,374004242.9522932,363516231.9522932
EV00525,0.0002,375913979.8670912,365425968.8670912
EV00526,0.0002,488550825.81533504,478062814.81533504
EV00527,0.0002,385213943.554474,374725932.554474
EV00528,0.0002,358100307.12227774,347612296.12227774
EV00529,0.0002,318821372.34766245,308333361.34766245
EV00530,0.0002,347682850.3809885,337194839.3809885
EV00531,0.0002,491002181.6594247,480514170.6594248
EV00532,0.0002,374049047.10750747,363561036.10750747
EV00533,0.0002,420492045.67338085,410004034.6733809
EV00534,0.0002,340515964.1458801,330027953.1458801
EV00535,0.0002,327375033.5199853,316887022.5199853
EV00536,0.0002,360856924.9329815,350368913.9329815
EV00537,0.0002,399383887.6125043,388895876.6125043
EV00538,0.0002,391074497.85901403,380586486.85901403
EV00539,0.0002,424850202.02060866,414362191.02060866
EV00540,0.0002,475396422.8554643,464908411.8554643
EV00541,0.0002,377338986.31721026,366850975.31721026
EV00542,0.0002,332744354.4372213,322256343.4372213
EV00543,0.0002,297458674.80993897,286970663.80993897
EV00544,0.0002,466005632.6177096,455517621.6177096
EV00545,0.0002,449366758.20952284,438878747.20952284
EV00546,0.0002,304882155.936998,294394144.936998
EV00547,0.0002,361930063.71161485,351442052.71161485
EV00548,0.0002,427338720.30950415,416850709.30950415
EV00549,0.0002,386511338.1117244,376023327.1117244
EV00550,0.0002,350920208.63519055,340432197.63519055
EV00551,0.0002,349389796.4075726,338901785.4075726
EV00552,0.0002,409375656.0123905,398887645.0123905
EV00553,0.0002,351857070.36646265,341369059.36646265
EV00554,0.0002,307468318.38828945,296980307.38828945
EV00555,0.0002,291487406.57906604,280999723.6444988
EV00556,0.0002,350371305.6464777,339883294.6464777
EV00557,0.0002,371817003.32069236,361328992.32069236
EV00558,0.0002,324603359.60766923,314115348.60766923
EV00559,0.0002,371132820.0689732,360644809.0689732
EV00560,0.0002,447861233.7457275,437373222.7457275
EV00561,0.0002,343367676.44397223,332879665.44397223
EV00562,0.0002,377400920.51308244,366912909.51308244
EV00563,0.0002,289721727.3075435,279233716.3075436
EV00564,0.0002,421238313.65752566,410750302.65752566
EV00565,0.0002,389945351.31365436,379457340.31365436
EV00566,0.0002,388215323.1043026,377727312.1043026
EV00567,0.0002,386431708.38635886,375943697.38635886
EV00568,0.0002,467132523.38711536,456644512.38711536
EV00569,0.0002,351255085.6089145,340767074.6089145
EV00570,0.0002,433721039.2592249,423233028.25922483
EV00571,0.0002,404033976.6045481,393545965.6045481
EV00572,0.0002,344289968.33551615,333801957.33551615
EV00573,0.0002,336406951.266482,325918940.266482
EV00574,0.0002,297362482.94632924,286874471.9463292
EV00575,0.0002,347762932.14975214,337274921.14975214
EV00576,0.0002,423254084.82288516,412766073.82288516
EV00577,0.0002,404906501.72633487,394418490.72633487
EV00578,0.0002,358101781.4786311,347613770.4786311
EV00579,0.0002,273075270.9948201,262587259.99482012
EV00580,0.0002,383653259.71362096,373165248.71362096
EV00581,0.0002,379968558.8470932,369480547.8470932
EV00582,0.0002,363384215.8069844,352896204.8069844
EV00583,0.0002,498633944.6347945,488145933.6347945
EV00584,0.0002,376727022.7296317,366239011.7296317
EV00585,0.0002,297510633.82925725,287022622.82925725
EV00586,0.0002,282472260.3284404,271984249.3284404
EV00587,0.0002,327517676.0711527,317029665.0711527
EV00588,0.0002,460259100.7584002,449771089.7584002
EV00589,0.0002,479797637.802516,469309626.802516
EV00590,0.0002,492249468.8090035,481761457.80900353
EV00591,0.0002,423857272.59463626,413369261.59463626
EV00592,0.0002,286311996.9605149,275823985.9605149
EV00593,0.0002,363104449.2154126,352616438.2154126
EV00594,0.0002,419830314.2379346,409342303.2379346
EV00595,0.0002,293396126.3623595,282908546.1797246
EV00596,0.0002,419354269.0509087,408866258.0509087
EV00597,0.0002,377800801.04518366,367312790.04518366
EV00598,0.0002,377244939.50765234,366756928.50765234
EV00599,0.0002,354067860.38247603,343579849.38247603
EV00600,0.000125,579140887.3125482,568652876.3125482
EV00601,0.000125,498706132.09963596,488218121.09963596
EV00602,0.000125,527041978.5007916,516553967.5007916
EV00603,0.000125,534675761.37958956,524187750.37958956
EV00604,0.000125,499487021.4055636,488999010.4055636
EV00605,0.000125,513776474.4122036,503288463.4122036
EV00606,0.000125,530265150.23526853,519777139.23526853
EV00607,0.000125,602738935.542563,592250924.542563
EV00608,0.000125,623364633.5303981,612876622.5303981
EV00609,0.000125,495084557.0622022,484596546.0622022
EV00610,0.000125,470494324.79481214,460006313.79481214
EV00611,0.000125,505406559.46171135,494918548.46171135
EV00612,0.000125,461702825.5837312,451214814.5837312
EV00613,0.000125,616290025.1708112,605802014.1708112
EV00614,0.000125,573332466.7157421,562844455.7157421
EV00615,0.000125,616505561.6215603,606017550.6215603
EV00616,0.000125,591117718.479069,580629707.479069
EV00617,0.000125,542373066.9493375,531885055.94933754
EV00618,0.000125,572805724.8688684,562317713.8688684
EV00619,0.000125,644757969.247802,634269958.247802
EV00620,0.000125,596318860.2307565,585830849.2307565
EV00621,0.000125,577077597.7547092,566589586.7547092
EV00622,0.000125,594612942.1492126,584124931.1492126
EV00623,0.000125,599867941.7885809,589379930.7885809
EV00624,0.000125,525789824.7005693,515301813.7005692
EV00625,0.000125,503190974.115137,492702963.115137
EV00626,0.000125,432358485.15710014,421870474.15710014
EV00627,0.000125,505429208.23003924,494941197.23003924
EV00628,0.000125,534321719.0195619,523833708.0195619
EV00629,0.000125,581628157.8310032,571140146.8310032
EV00630,0.000125,546619640.0056098,536131629.00560975
EV00631,0.000125,500297780.3973776,489809769.3973776
EV00632,0.000125,512620493.9894619,502132482.9894619
EV00633,0.000125,532352874.58441687,521864863.58441687
EV00634,0.000125,597056576.8569183,586568565.8569183
EV00635,0.000125,567209813.5968833,556721802.5968833
EV00636,0.000125,566901337.4858831,556413326.4858831
EV00637,0.000125,566543487.6325068,556055476.6325068
EV00638,0.000125,605268740.4167647,594780729.4167646
EV00639,0.000125,486650317.2727511,476162306.27275103
EV00640,0.000125,561685098.185349,551197087.185349
EV00641,0.000125,525896766.13451433,515408755.13451433
EV00642,0.000125,578487288.8220769,567999277.8220769
EV00643,0.000125,559977443.2987833,549489432.2987833
EV00644,0.000125,572963269.7171721,562475258.7171721
EV00645,0.000125,551168225.8926935,540680214.8926935
EV00646,0.000125,549666684.4279588,539178673.4279588
EV00647,0.000125,593000523.6265562,582512512.6265562
EV00648,0.000125,423159035.9991063,412671024.9991063
EV00649,0.000125,520269642.27253544,509781631.27253544
EV00650,0.000125,513699783.8781971,503211772.8781971
EV00651,0.000125,454755783.3034437,444267772.3034437
EV00652,0.000125,629657886.6251193,619169875.6251193
EV00653,0.000125,525681149.1588577,515193138.1588577
EV00654,0.000125,509404076.610726,498916065.61072594
EV00655,0.000125,460043678.6482019,449555667.6482019
EV00656,0.000125,593970995.5473914,583482984.5473914
EV00657,0.000125,596676811.3684613,586188800.3684613
EV00658,0.000125,557396389.2007028,546908378.2007028
EV00659,0.000125,592359599.7449538,581871588.7449538
EV00660,0.000125,578923362.7188675,568435351.7188675
EV00661,0.000125,519364870.18591124,508876859.18591124
EV00662,0.000125,465596031.65226984,455108020.65226984
EV00663,0.000125,423577534.12643564,413089523.12643564
EV00664,0.000125,605412334.4635607,594924323.4635607
EV00665,0.000125,531972235.7918077,521484224.7918078
EV00666,0.000125,432563486.723986,422075475.723986
EV00667,0.000125,630836517.2841622,620348506.2841622
EV00668,0.000125,574576997.1567979,564088986.1567979
EV00669,0.000125,469102699.34810746,458614688.34810746
EV00670,0.000125,599852423.0543911,589364412.0543911
EV00671,0.000125,496947563.09913814,486459552.09913814
EV00672,0.000125,615563180.3745162,605075169.3745162
EV00673,0.000125,608236803.6208327,597748792.6208327
EV00674,0.000125,500858127.2061554,490370116.2061554
EV00675,0.000125,430096664.1463168,419608653.1463169
EV00676,0.000125,535376903.47179335,524888892.47179335
EV00677,0.000125,496806148.0442418,486318137.0442418
EV00678,0.000125,513322460.7845761,502834449.7845761
EV00679,0.000125,558626005.4092665,548137994.4092666
EV00680,5.714285714285714e-05,726025607.5643339,715537596.5643339
EV00681,5.714285714285714e-05,628835577.8375697,618347566.8375697
EV00682,5.714285714285714e-05,663172394.898597,652684383.898597
EV00683,5.714285714285714e-05,705121520.0661945,694633509.0661945
EV00684,5.714285714285714e-05,608858592.7814348,598370581.7814348
EV00685,5.714285714285714e-05,662820284.7975903,652332273.7975903
EV00686,5.714285714285714e-05,618836857.5918083,608348846.5918083
EV00687,5.714285714285714e-05,574621702.8468189,564133691.8468189
EV00688,5.714285714285714e-05,677020281.477136,666532270.477136
EV00689,5.714285714285714e-05,650857535.1217465,640369524.1217465
EV00690,5.714285714285714e-05,587624594.5383897,577136583.5383897
EV00691,5.714285714285714e-05,570410736.7013597,559922725.7013597
EV00692,5.714285714285714e-05,688758577.7245479,678270566.7245477
EV00693,5.714285714285714e-05,628095459.5627495,617607448.5627495
EV00694,5.714285714285714e-05,673157840.7875857,662669829.7875857
EV00695,5.714285714285714e-05,702996677.286151,692508666.286151
EV00696,5.714285714285714e-05,713912492.1938035,703424481.1938035
EV00697,5.714285714285714e-05,704685543.8175304,694197532.8175304
EV00698,5.714285714285714e-05,602250611.8717098,591762600.8717098
EV00699,5.714285714285714e-05,643109306.1961917,632621295.1961917
EV00700,5.714285714285714e-05,650710214.7856503,640222203.7856503
EV00701,5.714285714285714e-05,681958940.9587431,671470929.9587431
EV00702,5.714285714285714e-05,730675707.5525253,720187696.5525253
EV00703,5.714285714285714e-05,565366497.9554319,554878486.9554319
EV00704,5.714285714285714e-05,712001378.958398,701513367.958398
EV00705,5.714285714285714e-05,683592932.0552411,673104921.0552411
EV00706,5.714285714285714e-05,642445578.1080506,631957567.1080506
EV00707,5.714285714285714e-05,665855749.2497882,655367738.2497882
EV00708,5.714285714285714e-05,557685289.9595839,547197278.9595839
EV00709,5.714285714285714e-05,705221067.8322289,694733056.8322289
EV00710,5.714285714285714e-05,606691394.653369,596203383.653369
EV00711,5.714285714285714e-05,674293500.9744135,663805489.9744135
EV00712,5.714285714285714e-05,625334735.9790626,614846724.9790626
EV00713,5.714285714285714e-05,628503473.6501026,618015462.6501026
EV00714,5.714285714285714e-05,647710099.7540498,637222088.7540498
EV00715,5.714285714285714e-05,690352582.347421,679864571.347421
EV00716,5.714285714285714e-05,730126760.2818081,719638749.2818081
EV00717,5.714285714285714e-05,664196395.9849014,653708384.9849014
EV00718,5.714285714285714e-05,741065186.3885002,730577175.3885002
EV00719,5.714285714285714e-05,710507343.87112,700019332.87112
EV00720,5.714285714285714e-05,636136164.8386333,625648153.8386333
EV00721,5.714285714285714e-05,584164844.1346159,573676833.1346159
EV00722,5.714285714285714e-05,670334279.4544204,659846268.4544204
EV00723,5.714285714285714e-05,666841395.9900559,656353384.9900559
EV00724,5.714285714285714e-05,652802515.4536076,642314504.4536076
EV00725,5.714285714285714e-05,608834672.7655623,598346661.7655623
EV00726,5.714285714285714e-05,700809626.6801131,690321615.6801131
EV00727,5.714285714285714e-05,657926272.4777431,647438261.4777431
EV00728,5.714285714285714e-05,632240882.4477414,621752871.4477414
EV00729,5.714285714285714e-05,710511867.7377585,700023856.7377585
EV00730,5.714285714285714e-05,662939160.6409223,652451149.6409223
EV00731,5.714285714285714e-05,673987814.1048716,663499803.1048716
EV00732,5.714285714285714e-05,599998698.2916999,589510687.2916999
EV00733,5.714285714285714e-05,658444227.6714182,647956216.6714182
EV00734,5.714285714285714e-05,591973395.1130643,581485384.1130643
EV00735,5.714285714285714e-05,587281895.172743,576793884.172743
EV00736,5.714285714285714e-05,582552787.2055564,572064776.2055564
EV00737,5.714285714285714e-05,735557799.0129883,725069788.0129883
EV00738,5.714285714285714e-05,695135968.7361102,684647957.7361102
EV00739,5.714285714285714e-05,688107024.3763832,677619013.3763832
EV00740,5.714285714285714e-05,594167655.8271068,583679644.8271068
EV00741,5.714285714285714e-05,716726136.9057232,706238125.9057232
EV00742,5.714285714285714e-05,687127143.1649247,676639132.1649247
EV00743,5.714285714285714e-05,628336646.5340233,617848635.5340233
EV00744,5.714285714285714e-05,576084006.9256394,565595995.9256395
EV00745,5.714285714285714e-05,596060893.7973692,585572882.7973692
EV00746,5.714285714285714e-05,659239604.9246247,648751593.9246247
EV00747,5.714285714285714e-05,701942592.1560401,691454581.1560401
EV00748,5.714285714285714e-05,690802166.0055355,680314155.0055355
EV00749,5.714285714285714e-05,685093902.6229539,674605891.6229539
EV00750,6.666666666666667e-05,776713979.4412606,766225968.4412606
EV00751,6.666666666666667e-05,733062521.5064359,722574510.5064359
EV00752,6.666666666666667e-05,717869218.3004327,707381207.3004327
EV00753,6.666666666666667e-05,738822636.3286827,728334625.3286827
EV00754,6.666666666666667e-05,720377292.8803735,709889281.8803735
EV00755,6.666666666666667e-05,736362675.989684,725874664.989684
EV00756,6.666666666666667e-05,772749842.7271177,762261831.7271177
EV00757,6.666666666666667e-05,762643762.2689412,752155751.2689412
EV00758,6.666666666666667e-05,733501782.8757613,723013771.8757613
EV00759,6.666666666666667e-05,767166023.6328424,756678012.6328424
EV00760,6.666666666666667e-05,682152181.6890826,671664170.6890826
EV00761,6.666666666666667e-05,754549318.599124,744061307.599124
EV00762,6.666666666666667e-05,690714645.9565046,680226634.9565046
EV00763,6.666666666666667e-05,766266639.2073169,755778628.2073169
EV00764,6.666666666666667e-05,777734259.760253,767246248.760253
EV00765,6.666666666666667e-05,766005686.000356,755517675.000356
EV00766,6.666666666666667e-05,733455864.4686577,722967853.4686577
EV00767,6.666666666666667e-05,749651566.7052495,739163555.7052495
EV00768,6.666666666666667e-05,727906130.0019529,717418119.0019529
EV00769,6.666666666666667e-05,704836678.7410486,694348667.7410486
EV00770,6.666666666666667e-05,735948157.8423485,725460146.8423485
EV00771,6.666666666666667e-05,773078377.7973957,762590366.7973957
EV00772,6.666666666666667e-05,770323882.4645729,759835871.4645729
EV00773,6.666666666666667e-05,690233401.5826318,679745390.5826318
EV00774,6.666666666666667e-05,696421069.5695057,685933058.5695057
EV00775,6.666666666666667e-05,714241816.6933551,703753805.6933551
EV00776,6.666666666666667e-05,725838869.9210062,715350858.9210062
EV00777,6.666666666666667e-05,779802063.7019527,769314052.7019527
EV00778,6.666666666666667e-05,734125910.4096444,723637899.4096444
EV00779,6.666666666666667e-05,707540684.1289464,697052673.1289464
EV00780,5e-05,749945457.6125684,739457446.6125684
EV00781,5e-05,785517484.1740358,775029473.1740359
EV00782,5e-05,785048216.5967143,774560205.5967143
EV00783,5e-05,786112928.9470599,775624917.9470599
EV00784,5e-05,766655669.006324,756167658.006324
EV00785,5e-05,771284054.812435,760796043.812435
EV00786,5e-05,768018281.6202738,757530270.6202738
EV00787,5e-05,778857761.6766093,768369750.6766093
EV00788,5e-05,768628577.8322141,758140566.8322141
EV00789,5e-05,786125838.8352582,775637827.8352582
EV00790,5e-05,781724871.7419108,771236860.7419108
EV00791,5e-05,759982537.6892712,749494526.6892712
EV00792,5e-05,778266099.9570135,767778088.9570135
EV00793,5e-05,785100128.0680747,774612117.0680747
EV00794,5e-05,781790670.1448709,771302659.1448709
EV00795,5e-05,782247364.8831372,771759353.8831372
EV00796,5e-05,783904705.9226686,773416694.9226686
EV00797,5e-05,777372052.7902482,766884041.7902482
EV00798,5e-05,753863741.3948731,743375730.3948731
EV00799,5e-05,785545224.4558034,775057213.4558034
