event_id,magnitude_bin,annual_rate,central_return_period
EV00000,nuisance,0.0035714285714285713,2
EV00001,nuisance,0.0035714285714285713,2
EV00002,nuisance,0.0035714285714285713,2
EV00003,nuisance,0.0035714285714285713,2
EV00004,nuisance,0.0035714285714285713,2
EV00005,nuisance,0.0035714285714285713,2
EV00006,nuisance,0.0035714285714285713,2
EV00007,nuisance,0.0035714285714285713,2
EV00008,nuisance,0.0035714285714285713,2
EV00009,nuisance,0.0035714285714285713,2
EV00010,nuisance,0.0035714285714285713,2
EV00011,nuisance,0.0035714285714285713,2
EV00012,nuisance,0.0035714285714285713,2
EV00013,nuisance,0.0035714285714285713,2
EV00014,nuisance,0.0035714285714285713,2
EV00015,nuisance,0.0035714285714285713,2
EV00016,nuisance,0.0035714285714285713,2
EV00017,nuisance,0.0035714285714285713,2
EV00018,nuisance,0.0035714285714285713,2
EV00019,nuisance,0.0035714285714285713,2
EV00020,nuisance,0.0035714285714285713,2
EV00021,nuisance,0.0035714285714285713,2
EV00022,nuisance,0.0035714285714285713,2
EV00023,nuisance,0.0035714285714285713,2
EV00024,nuisance,0.0035714285714285713,2
EV00025,nuisance,0.0035714285714285713,2
EV00026,nuisance,0.0035714285714285713,2
EV00027,nuisance,0.0035714285714285713,2
EV00028,nuisance,0.0035714285714285713,2
EV00029,nuisance,0.0035714285714285713,2
EV00030,nuisance,0.0035714285714285713,2
EV00031,nuisance,0.0035714285714285713,2
EV00032,nuisance,0.0035714285714285713,2
EV00033,nuisance,0.0035714285714285713,2
EV00034,nuisance,0.0035714285714285713,2
EV00035,nuisance,0.0035714285714285713,2
EV00036,nuisance,0.0035714285714285713,2
EV00037,nuisance,0.0035714285714285713,2
EV00038,nuisance,0.0035714285714285713,2
EV00039,nuisance,0.0035714285714285713,2
EV00040,nuisance,0.0035714285714285713,2
EV00041,nuisance,0.0035714285714285713,2
EV00042,nuisance,0.0035714285714285713,2
EV00043,nuisance,0.0035714285714285713,2
EV00044,nuisance,0.0035714285714285713,2
EV00045,nuisance,0.0035714285714285713,2
EV00046,nuisance,0.0035714285714285713,2
EV00047,nuisance,0.0035714285714285713,2
EV00048,nuisance,0.0035714285714285713,2
EV00049,nuisance,0.0035714285714285713,2
EV00050,nuisance,0.0035714285714285713,2
EV00051,nuisance,0.0035714285714285713,2
EV00052,nuisance,0.0035714285714285713,2
EV00053,nuisance,0.0035714285714285713,2
EV00054,nuisance,0.0035714285714285713,2
EV00055,nuisance,0.0035714285714285713,2
EV00056,nuisance,0.0035714285714285713,2
EV00057,nuisance,0.0035714285714285713,2
EV00058,nuisance,0.0035714285714285713,2
EV00059,nuisance,0.0035714285714285713,2
EV00060,nuisance,0.0035714285714285713,2
EV00061,nuisance,0.0035714285714285713,2
EV00062,nuisance,0.0035714285714285713,2
EV00063,nuisance,0.0035714285714285713,2
EV00064,nuisance,0.0035714285714285713,2
EV00065,nuisance,0.0035714285714285713,2
EV00066,nuisance,0.0035714285714285713,2
EV00067,nuisance,0.0035714285714285713,2
EV00068,nuisance,0.0035714285714285713,2
EV00069,nuisance,0.0035714285714285713,2
EV00070,nuisance,0.0035714285714285713,2
EV00071,nuisance,0.0035714285714285713,2
EV00072,nuisance,0.0035714285714285713,2
EV00073,nuisance,0.0035714285714285713,2
EV00074,nuisance,0.0035714285714285713,2
EV00075,nuisance,0.0035714285714285713,2
EV00076,nuisance,0.0035714285714285713,2
EV00077,nuisance,0.0035714285714285713,2
EV00078,nuisance,0.0035714285714285713,2
EV00079,nuisance,0.0035714285714285713,2
EV00080,nuisance,0.0035714285714285713,2
EV00081,nuisance,0.0035714285714285713,2
EV00082,nuisance,0.0035714285714285713,2
EV00083,nuisance,0.0035714285714285713,2
EV00084,nuisance,0.0035714285714285713,2
EV00085,nuisance,0.0035714285714285713,2
EV00086,nuisance,0.0035714285714285713,2
EV00087,nuisance,0.0035714285714285713,2
EV00088,nuisance,0.0035714285714285713,2
EV00089,nuisance,0.0035714285714285713,2
EV00090,nuisance,0.0035714285714285713,2
EV00091,nuisance,0.0035714285714285713,2
EV00092,nuisance,0.0035714285714285713,2
EV00093,nuisance,0.0035714285714285713,2
EV00094,nuisance,0.0035714285714285713,2
EV00095,nuisance,0.0035714285714285713,2
EV00096,nuisance,0.0035714285714285713,2
EV00097,nuisance,0.0035714285714285713,2
EV00098,nuisance,0.0035714285714285713,2
EV00099,nuisance,0.0035714285714285713,2
EV00100,nuisance,0.0035714285714285713,2
EV00101,nuisance,0.0035714285714285713,2
EV00102,nuisance,0.0035714285714285713,2
EV00103,nuisance,0.0035714285714285713,2
EV00104,nuisance,0.0035714285714285713,2
EV00105,nuisance,0.0035714285714285713,2
EV00106,nuisance,0.0035714285714285713,2
EV00107,nuisance,0.0035714285714285713,2
EV00108,nuisance,0.0035714285714285713,2
EV00109,nuisance,0.0035714285714285713,2
EV00110,nuisance,0.0035714285714285713,2
EV00111,nuisance,0.0035714285714285713,2
EV00112,nuisance,0.0035714285714285713,2
EV00113,nuisance,0.0035714285714285713,2
EV00114,nuisance,0.0035714285714285713,2
EV00115,nuisance,0.0035714285714285713,2
EV00116,nuisance,0.0035714285714285713,2
EV00117,nuisance,0.0035714285714285713,2
EV00118,nuisance,0.0035714285714285713,2
EV00119,nuisance,0.0035714285714285713,2
EV00120,nuisance,0.0035714285714285713,2
EV00121,nuisance,0.0035714285714285713,2
EV00122,nuisance,0.0035714285714285713,2
EV00123,nuisance,0.0035714285714285713,2
EV00124,nuisance,0.0035714285714285713,2
EV00125,nuisance,0.0035714285714285713,2
EV00126,nuisance,0.0035714285714285713,2
EV00127,nuisance,0.0035714285714285713,2
EV00128,nuisance,0.0035714285714285713,2
EV00129,nuisance,0.0035714285714285713,2
EV00130,nuisance,0.0035714285714285713,2
EV00131,nuisance,0.0035714285714285713,2
EV00132,nuisance,0.0035714285714285713,2
EV00133,nuisance,0.0035714285714285713,2
EV00134,nuisance,0.0035714285714285713,2
EV00135,nuisance,0.0035714285714285713,2
EV00136,nuisance,0.0035714285714285713,2
EV00137,nuisance,0.0035714285714285713,2
EV00138,nuisance,0.0035714285714285713,2
EV00139,nuisance,0.0035714285714285713,2
EV00140,minor,0.0015384615384615385,5
EV00141,minor,0.0015384615384615385,5
EV00142,minor,0.0015384615384615385,5
EV00143,minor,0.0015384615384615385,5
EV00144,minor,0.0015384615384615385,5
EV00145,minor,0.0015384615384615385,5
EV00146,minor,0.0015384615384615385,5
EV00147,minor,0.0015384615384615385,5
EV00148,minor,0.0015384615384615385,5
EV00149,minor,0.0015384615384615385,5
EV00150,minor,0.0015384615384615385,5
EV00151,minor,0.0015384615384615385,5
EV00152,minor,0.0015384615384615385,5
EV00153,minor,0.0015384615384615385,5
EV00154,minor,0.0015384615384615385,5
EV00155,minor,0.0015384615384615385,5
EV00156,minor,0.0015384615384615385,5
EV00157,minor,0.0015384615384615385,5
EV00158,minor,0.0015384615384615385,5
EV00159,minor,0.0015384615384615385,5
EV00160,minor,0.0015384615384615385,5
EV00161,minor,0.0015384615384615385,5
EV00162,minor,0.0015384615384615385,5
EV00163,minor,0.0015384615384615385,5
EV00164,minor,0.0015384615384615385,5
EV00165,minor,0.0015384615384615385,5
EV00166,minor,0.0015384615384615385,5
EV00167,minor,0.0015384615384615385,5
EV00168,minor,0.0015384615384615385,5
EV00169,minor,0.0015384615384615385,5
EV00170,minor,0.0015384615384615385,5
EV00171,minor,0.0015384615384615385,5
EV00172,minor,0.0015384615384615385,5
EV00173,minor,0.0015384615384615385,5
EV00174,minor,0.0015384615384615385,5
EV00175,minor,0.0015384615384615385,5
EV00176,minor,0.0015384615384615385,5
EV00177,minor,0.0015384615384615385,5
EV00178,minor,0.0015384615384615385,5
EV00179,minor,0.0015384615384615385,5
EV00180,minor,0.0015384615384615385,5
EV00181,minor,0.0015384615384615385,5
EV00182,minor,0.0015384615384615385,5
EV00183,minor,0.0015384615384615385,5
EV00184,minor,0.0015384615384615385,5
EV00185,minor,0.0015384615384615385,5
EV00186,minor,0.0015384615384615385,5
EV00187,minor,0.0015384615384615385,5
EV00188,minor,0.0015384615384615385,5
EV00189,minor,0.0015384615384615385,5
EV00190,minor,0.0015384615384615385,5
EV00191,minor,0.0015384615384615385,5
EV00192,minor,0.0015384615384615385,5
EV00193,minor,0.0015384615384615385,5
EV00194,minor,0.0015384615384615385,5
EV00195,minor,0.0015384615384615385,5
EV00196,minor,0.0015384615384615385,5
EV00197,minor,0.0015384615384615385,5
EV00198,minor,0.0015384615384615385,5
EV00199,minor,0.0015384615384615385,5
EV00200,minor,0.0015384615384615385,5
EV00201,minor,0.0015384615384615385,5
EV00202,minor,0.0015384615384615385,5
EV00203,minor,0.0015384615384615385,5
EV00204,minor,0.0015384615384615385,5
EV00205,minor,0.0015384615384615385,5
EV00206,minor,0.0015384615384615385,5
EV00207,minor,0.0015384615384615385,5
EV00208,minor,0.0015384615384615385,5
EV00209,minor,0.0015384615384615385,5
EV00210,minor,0.0015384615384615385,5
EV00211,minor,0.0015384615384615385,5
EV00212,minor,0.0015384615384615385,5
EV00213,minor,0.0015384615384615385,5
EV00214,minor,0.0015384615384615385,5
EV00215,minor,0.0015384615384615385,5
EV00216,minor,0.0015384615384615385,5
EV00217,minor,0.0015384615384615385,5
EV00218,minor,0.0015384615384615385,5
EV00219,minor,0.0015384615384615385,5
EV00220,minor,0.0015384615384615385,5
EV00221,minor,0.0015384615384615385,5
EV00222,minor,0.0015384615384615385,5
EV00223,minor,0.0015384615384615385,5
EV00224,minor,0.0015384615384615385,5
EV00225,minor,0.0015384615384615385,5
EV00226,minor,0.0015384615384615385,5
EV00227,minor,0.0015384615384615385,5
EV00228,minor,0.0015384615384615385,5
EV00229,minor,0.0015384615384615385,5
EV00230,minor,0.0015384615384615385,5
EV00231,minor,0.0015384615384615385,5
EV00232,minor,0.0015384615384615385,5
EV00233,minor,0.0015384615384615385,5
EV00234,minor,0.0015384615384615385,5
EV00235,minor,0.0015384615384615385,5
EV00236,minor,0.0015384615384615385,5
EV00237,minor,0.0015384615384615385,5
EV00238,minor,0.0015384615384615385,5
EV00239,minor,0.0015384615384615385,5
EV00240,minor,0.0015384615384615385,5
EV00241,minor,0.0015384615384615385,5
EV00242,minor,0.0015384615384615385,5
EV00243,minor,0.0015384615384615385,5
EV00244,minor,0.0015384615384615385,5
EV00245,minor,0.0015384615384615385,5
EV00246,minor,0.0015384615384615385,5
EV00247,minor,0.0015384615384615385,5
EV00248,minor,0.0015384615384615385,5
EV00249,minor,0.0015384615384615385,5
EV00250,minor,0.0015384615384615385,5
EV00251,minor,0.0015384615384615385,5
EV00252,minor,0.0015384615384615385,5
EV00253,minor,0.0015384615384615385,5
EV00254,minor,0.0015384615384615385,5
EV00255,minor,0.0015384615384615385,5
EV00256,minor,0.0015384615384615385,5
EV00257,minor,0.0015384615384615385,5
EV00258,minor,0.0015384615384615385,5
EV00259,minor,0.0015384615384615385,5
EV00260,minor,0.0015384615384615385,5
EV00261,minor,0.0015384615384615385,5
EV00262,minor,0.0015384615384615385,5
EV00263,minor,0.0015384615384615385,5
EV00264,minor,0.0015384615384615385,5
EV00265,minor,0.0015384615384615385,5
EV00266,minor,0.0015384615384615385,5
EV00267,minor,0.0015384615384615385,5
EV00268,minor,0.0015384615384615385,5
EV00269,minor,0.0015384615384615385,5
EV00270,moderate,0.0008333333333333334,10
EV00271,moderate,0.0008333333333333334,10
EV00272,moderate,0.0008333333333333334,10
EV00273,moderate,0.0008333333333333334,10
EV00274,moderate,0.0008333333333333334,10
EV00275,moderate,0.0008333333333333334,10
EV00276,moderate,0.0008333333333333334,10
EV00277,moderate,0.0008333333333333334,10
EV00278,moderate,0.0008333333333333334,10
EV00279,moderate,0.0008333333333333334,10
EV00280,moderate,0.0008333333333333334,10
EV00281,moderate,0.0008333333333333334,10
EV00282,moderate,0.0008333333333333334,10
EV00283,moderate,0.0008333333333333334,10
EV00284,moderate,0.0008333333333333334,10
EV00285,moderate,0.0008333333333333334,10
EV00286,moderate,0.0008333333333333334,10
EV00287,moderate,0.0008333333333333334,10
EV00288,moderate,0.0008333333333333334,10
EV00289,moderate,0.0008333333333333334,10
EV00290,moderate,0.0008333333333333334,10
EV00291,moderate,0.0008333333333333334,10
EV00292,moderate,0.0008333333333333334,10
EV00293,moderate,0.0008333333333333334,10
EV00294,moderate,0.0008333333333333334,10
EV00295,moderate,0.0008333333333333334,10
EV00296,moderate,0.0008333333333333334,10
EV00297,moderate,0.0008333333333333334,10
EV00298,moderate,0.0008333333333333334,10
EV00299,moderate,0.0008333333333333334,10
EV00300,moderate,0.0008333333333333334,10
EV00301,moderate,0.0008333333333333334,10
EV00302,moderate,0.0008333333333333334,10
EV00303,moderate,0.0008333333333333334,10
EV00304,moderate,0.0008333333333333334,10
EV00305,moderate,0.0008333333333333334,10
EV00306,moderate,0.0008333333333333334,10
EV00307,moderate,0.0008333333333333334,10
EV00308,moderate,0.0008333333333333334,10
EV00309,moderate,0.0008333333333333334,10
EV00310,moderate,0.0008333333333333334,10
EV00311,moderate,0.0008333333333333334,10
EV00312,moderate,0.0008333333333333334,10
EV00313,moderate,0.0008333333333333334,10
EV00314,moderate,0.0008333333333333334,10
EV00315,moderate,0.0008333333333333334,10
EV00316,moderate,0.0008333333333333334,10
EV00317,moderate,0.0008333333333333334,10
EV00318,moderate,0.0008333333333333334,10
EV00319,moderate,0.0008333333333333334,10
EV00320,moderate,0.0008333333333333334,10
EV00321,moderate,0.0008333333333333334,10
EV00322,moderate,0.0008333333333333334,10
EV00323,moderate,0.0008333333333333334,10
EV00324,moderate,0.0008333333333333334,10
EV00325,moderate,0.0008333333333333334,10
EV00326,moderate,0.0008333333333333334,10
EV00327,moderate,0.0008333333333333334,10
EV00328,moderate,0.0008333333333333334,10
EV00329,moderate,0.0008333333333333334,10
EV00330,moderate,0.0008333333333333334,10
EV00331,moderate,0.0008333333333333334,10
EV00332,moderate,0.0008333333333333334,10
EV00333,moderate,0.0008333333333333334,10
EV00334,moderate,0.0008333333333333334,10
EV00335,moderate,0.0008333333333333334,10
EV00336,moderate,0.0008333333333333334,10
EV00337,moderate,0.0008333333333333334,10
EV00338,moderate,0.0008333333333333334,10
EV00339,moderate,0.0008333333333333334,10
EV00340,moderate,0.0008333333333333334,10
EV00341,moderate,0.0008333333333333334,10
EV00342,moderate,0.0008333333333333334,10
EV00343,moderate,0.0008333333333333334,10
EV00344,moderate,0.0008333333333333334,10
EV00345,moderate,0.0008333333333333334,10
EV00346,moderate,0.0008333333333333334,10
EV00347,moderate,0.0008333333333333334,10
EV00348,moderate,0.0008333333333333334,10
EV00349,moderate,0.0008333333333333334,10
EV00350,moderate,0.0008333333333333334,10
EV00351,moderate,0.0008333333333333334,10
EV00352,moderate,0.0008333333333333334,10
EV00353,moderate,0.0008333333333333334,10
EV00354,moderate,0.0008333333333333334,10
EV00355,moderate,0.0008333333333333334,10
EV00356,moderate,0.0008333333333333334,10
EV00357,moderate,0.0008333333333333334,10
EV00358,moderate,0.0008333333333333334,10
EV00359,moderate,0.0008333333333333334,10
EV00360,moderate,0.0008333333333333334,10
EV00361,moderate,0.0008333333333333334,10
EV00362,moderate,0.0008333333333333334,10
EV00363,moderate,0.0008333333333333334,10
EV00364,moderate,0.0008333333333333334,10
EV00365,moderate,0.0008333333333333334,10
EV00366,moderate,0.0008333333333333334,10
EV00367,moderate,0.0008333333333333334,10
EV00368,moderate,0.0008333333333333334,10
EV00369,moderate,0.0008333333333333334,10
EV00370,moderate,0.0008333333333333334,10
EV00371,moderate,0.0008333333333333334,10
EV00372,moderate,0.0008333333333333334,10
EV00373,moderate,0.0008333333333333334,10
EV00374,moderate,0.0008333333333333334,10
EV00375,moderate,0.0008333333333333334,10
EV00376,moderate,0.0008333333333333334,10
EV00377,moderate,0.0008333333333333334,10
EV00378,moderate,0.0008333333333333334,10
EV00379,moderate,0.0008333333333333334,10
EV00380,moderate,0.0008333333333333334,10
EV00381,moderate,0.0008333333333333334,10
EV00382,moderate,0.0008333333333333334,10
EV00383,moderate,0.0008333333333333334,10
EV00384,moderate,0.0008333333333333334,10
EV00385,moderate,0.0008333333333333334,10
EV00386,moderate,0.0008333333333333334,10
EV00387,moderate,0.0008333333333333334,10
EV00388,moderate,0.0008333333333333334,10
EV00389,moderate,0.0008333333333333334,10
EV00390,significant,0.00036363636363636367,25
EV00391,significant,0.00036363636363636367,25
EV00392,significant,0.00036363636363636367,25
EV00393,significant,0.00036363636363636367,25
EV00394,significant,0.00036363636363636367,25
EV00395,significant,0.00036363636363636367,25
EV00396,significant,0.00036363636363636367,25
EV00397,significant,0.00036363636363636367,25
EV00398,significant,0.00036363636363636367,25
EV00399,significant,0.00036363636363636367,25
EV00400,significant,0.00036363636363636367,25
EV00401,significant,0.00036363636363636367,25
EV00402,significant,0.00036363636363636367,25
EV00403,significant,0.00036363636363636367,25
EV00404,significant,0.00036363636363636367,25
EV00405,significant,0.00036363636363636367,25
EV00406,significant,0.00036363636363636367,25
EV00407,significant,0.00036363636363636367,25
EV00408,significant,0.00036363636363636367,25
EV00409,significant,0.00036363636363636367,25
EV00410,significant,0.00036363636363636367,25
EV00411,significant,0.00036363636363636367,25
EV00412,significant,0.00036363636363636367,25
EV00413,significant,0.00036363636363636367,25
EV00414,significant,0.00036363636363636367,25
EV00415,significant,0.00036363636363636367,25
EV00416,significant,0.00036363636363636367,25
EV00417,significant,0.00036363636363636367,25
EV00418,significant,0.00036363636363636367,25
EV00419,significant,0.00036363636363636367,25
EV00420,significant,0.00036363636363636367,25
EV00421,significant,0.00036363636363636367,25
EV00422,significant,0.00036363636363636367,25
EV00423,significant,0.00036363636363636367,25
EV00424,significant,0.00036363636363636367,25
EV00425,significant,0.00036363636363636367,25
EV00426,significant,0.00036363636363636367,25
EV00427,significant,0.00036363636363636367,25
EV00428,significant,0.00036363636363636367,25
EV00429,significant,0.00036363636363636367,25
EV00430,significant,0.00036363636363636367,25
EV00431,significant,0.00036363636363636367,25
EV00432,significant,0.00036363636363636367,25
EV00433,significant,0.00036363636363636367,25
EV00434,significant,0.00036363636363636367,25
EV00435,significant,0.00036363636363636367,25
EV00436,significant,0.00036363636363636367,25
EV00437,significant,0.00036363636363636367,25
EV00438,significant,0.00036363636363636367,25
EV00439,significant,0.00036363636363636367,25
EV00440,significant,0.00036363636363636367,25
EV00441,significant,0.00036363636363636367,25
EV00442,significant,0.00036363636363636367,25
EV00443,significant,0.00036363636363636367,25
EV00444,significant,0.00036363636363636367,25
EV00445,significant,0.00036363636363636367,25
EV00446,significant,0.00036363636363636367,25
EV00447,significant,0.00036363636363636367,25
EV00448,significant,0.00036363636363636367,25
EV00449,significant,0.00036363636363636367,25
EV00450,significant,0.00036363636363636367,25
EV00451,significant,0.00036363636363636367,25
EV00452,significant,0.00036363636363636367,25
EV00453,significant,0.00036363636363636367,25
EV00454,significant,0.00036363636363636367,25
EV00455,significant,0.00036363636363636367,25
EV00456,significant,0.00036363636363636367,25
EV00457,significant,0.00036363636363636367,25
EV00458,significant,0.00036363636363636367,25
EV00459,significant,0.00036363636363636367,25
EV00460,significant,0.00036363636363636367,25
EV00461,significant,0.00036363636363636367,25
EV00462,significant,0.00036363636363636367,25
EV00463,significant,0.00036363636363636367,25
EV00464,significant,0.00036363636363636367,25
EV00465,significant,0.00036363636363636367,25
EV00466,significant,0.00036363636363636367,25
EV00467,significant,0.00036363636363636367,25
EV00468,significant,0.00036363636363636367,25
EV00469,significant,0.00036363636363636367,25
EV00470,significant,0.00036363636363636367,25
EV00471,significant,0.00036363636363636367,25
EV00472,significant,0.00036363636363636367,25
EV00473,significant,0.00036363636363636367,25
EV00474,significant,0.00036363636363636367,25
EV00475,significant,0.00036363636363636367,25
EV00476,significant,0.00036363636363636367,25
EV00477,significant,0.00036363636363636367,25
EV00478,significant,0.00036363636363636367,25
EV00479,significant,0.00036363636363636367,25
EV00480,significant,0.00036363636363636367,25
EV00481,significant,0.00036363636363636367,25
EV00482,significant,0.00036363636363636367,25
EV00483,significant,0.00036363636363636367,25
EV00484,significant,0.00036363636363636367,25
EV00485,significant,0.00036363636363636367,25
EV00486,significant,0.00036363636363636367,25
EV00487,significant,0.00036363636363636367,25
EV00488,significant,0.00036363636363636367,25
EV00489,significant,0.00036363636363636367,25
EV00490,significant,0.00036363636363636367,25
EV00491,significant,0.00036363636363636367,25
EV00492,significant,0.00036363636363636367,25
EV00493,significant,0.00036363636363636367,25
EV00494,significant,0.00036363636363636367,25
EV00495,significant,0.00036363636363636367,25
EV00496,significant,0.00036363636363636367,25
EV00497,significant,0.00036363636363636367,25
EV00498,significant,0.00036363636363636367,25
EV00499,significant,0.00036363636363636367,25
EV00500,major,0.0002,50
EV00501,major,0.0002,50
EV00502,major,0.0002,50
EV00503,major,0.0002,50
EV00504,major,0.0002,50
EV00505,major,0.0002,50
EV00506,major,0.0002,50
EV00507,major,0.0002,50
EV00508,major,0.0002,50
EV00509,major,0.0002,50
EV00510,major,0.0002,50
EV00511,major,0.0002,50
EV00512,major,0.0002,50
EV00513,major,0.0002,50
EV00514,major,0.0002,50
EV00515,major,0.0002,50
EV00516,major,0.0002,50
EV00517,major,0.0002,50
EV00518,major,0.0002,50
EV00519,major,0.0002,50
EV00520,major,0.0002,50
EV00521,major,0.0002,50
EV00522,major,0.0002,50
EV00523,major,0.0002,50
EV00524,major,0.0002,50
EV00525,major,0.0002,50
EV00526,major,0.0002,50
EV00527,major,0.0002,50
EV00528,major,0.0002,50
EV00529,major,0.0002,50
EV00530,major,0.0002,50
EV00531,major,0.0002,50
EV00532,major,0.0002,50
EV00533,major,0.0002,50
EV00534,major,0.0002,50
EV00535,major,0.0002,50
EV00536,major,0.0002,50
EV00537,major,0.0002,50
EV00538,major,0.0002,50
EV00539,major,0.0002,50
EV00540,major,0.0002,50
EV00541,major,0.0002,50
EV00542,major,0.0002,50
EV00543,major,0.0002,50
EV00544,major,0.0002,50
EV00545,major,0.0002,50
EV00546,major,0.0002,50
EV00547,major,0.0002,50
EV00548,major,0.0002,50
EV00549,major,0.0002,50
EV00550,major,0.0002,50
EV00551,major,0.0002,50
EV00552,major,0.0002,50
EV00553,major,0.0002,50
EV00554,major,0.0002,50
EV00555,major,0.0002,50
EV00556,major,0.0002,50
EV00557,major,0.0002,50
EV00558,major,0.0002,50
EV00559,major,0.0002,50
EV00560,major,0.0002,50
EV00561,major,0.0002,50
EV00562,major,0.0002,50
EV00563,major,0.0002,50
EV00564,major,0.0002,50
EV00565,major,0.0002,50
EV00566,major,0.0002,50
EV00567,major,0.0002,50
EV00568,major,0.0002,50
EV00569,major,0.0002,50
EV00570,major,0.0002,50
EV00571,major,0.0002,50
EV00572,major,0.0002,50
EV00573,major,0.0002,50
EV00574,major,0.0002,50
EV00575,major,0.0002,50
EV00576,major,0.0002,50
EV00577,major,0.0002,50
EV00578,major,0.0002,50
EV00579,major,0.0002,50
EV00580,major,0.0002,50
EV00581,major,0.0002,50
EV00582,major,0.0002,50
EV00583,major,0.0002,50
EV00584,major,0.0002,50
EV00585,major,0.0002,50
EV00586,major,0.0002,50
EV00587,major,0.0002,50
EV00588,major,0.0002,50
EV00589,major,0.0002,50
EV00590,major,0.0002,50
EV00591,major,0.0002,50
EV00592,major,0.0002,50
EV00593,major,0.0002,50
EV00594,major,0.0002,50
EV00595,major,0.0002,50
EV00596,major,0.0002,50
EV00597,major,0.0002,50
EV00598,major,0.0002,50
EV00599,major,0.0002,50
EV00600,severe,0.000125,100
EV00601,severe,0.000125,100
EV00602,severe,0.000125,100
EV00603,severe,0.000125,100
EV00604,severe,0.000125,100
EV00605,severe,0.000125,100
EV00606,severe,0.000125,100
EV00607,severe,0.000125,100
EV00608,severe,0.000125,100
EV00609,severe,0.000125,100
EV00610,severe,0.000125,100
EV00611,severe,0.000125,100
EV00612,severe,0.000125,100
EV00613,severe,0.000125,100
EV00614,severe,0.000125,100
EV00615,severe,0.000125,100
EV00616,severe,0.000125,100
EV00617,severe,0.000125,100
EV00618,severe,0.000125,100
EV00619,severe,0.000125,100
EV00620,severe,0.000125,100
EV00621,severe,0.000125,100
EV00622,severe,0.000125,100
EV00623,severe,0.000125,100
EV00624,severe,0.000125,100
EV00625,severe,0.000125,100
EV00626,severe,0.000125,100
EV00627,severe,0.000125,100
EV00628,severe,0.000125,100
EV00629,severe,0.000125,100
EV00630,severe,0.000125,100
EV00631,severe,0.000125,100
EV00632,severe,0.000125,100
EV00633,severe,0.000125,100
EV00634,severe,0.000125,100
EV00635,severe,0.000125,100
EV00636,severe,0.000125,100
EV00637,severe,0.000125,100
EV00638,severe,0.000125,100
EV00639,severe,0.000125,100
EV00640,severe,0.000125,100
EV00641,severe,0.000125,100
EV00642,severe,0.000125,100
EV00643,severe,0.000125,100
EV00644,severe,0.000125,100
EV00645,severe,0.000125,100
EV00646,severe,0.000125,100
EV00647,severe,0.000125,100
EV00648,severe,0.000125,100
EV00649,severe,0.000125,100
EV00650,severe,0.000125,100
EV00651,severe,0.000125,100
EV00652,severe,0.000125,100
EV00653,severe,0.000125,100
EV00654,severe,0.000125,100
EV00655,severe,0.000125,100
EV00656,severe,0.000125,100
EV00657,severe,0.000125,100
EV00658,severe,0.000125,100
EV00659,severe,0.000125,100
EV00660,severe,0.000125,100
EV00661,severe,0.000125,100
EV00662,severe,0.000125,100
EV00663,severe,0.000125,100
EV00664,severe,0.000125,100
EV00665,severe,0.000125,100
EV00666,severe,0.000125,100
EV00667,severe,0.000125,100
EV00668,severe,0.000125,100
EV00669,severe,0.000125,100
EV00670,severe,0.000125,100
EV00671,severe,0.000125,100
EV00672,severe,0.000125,100
EV00673,severe,0.000125,100
EV00674,severe,0.000125,100
EV00675,severe,0.000125,100
EV00676,severe,0.000125,100
EV00677,severe,0.000125,100
EV00678,severe,0.000125,100
EV00679,severe,0.000125,100
EV00680,extreme,5.714285714285714e-05,250
EV00681,extreme,5.714285714285714e-05,250
EV00682,extreme,5.714285714285714e-05,250
EV00683,extreme,5.714285714285714e-05,250
EV00684,extreme,5.714285714285714e-05,250
EV00685,extreme,5.714285714285714e-05,250
EV00686,extreme,5.714285714285714e-05,250
EV00687,extreme,5.714285714285714e-05,250
EV00688,extreme,5.714285714285714e-05,250
EV00689,extreme,5.714285714285714e-05,250
EV00690,extreme,5.714285714285714e-05,250
EV00691,extreme,5.714285714285714e-05,250
EV00692,extreme,5.714285714285714e-05,250
EV00693,extreme,5.714285714285714e-05,250
EV00694,extreme,5.714285714285714e-05,250
EV00695,extreme,5.714285714285714e-05,250
EV00696,extreme,5.714285714285714e-05,250
EV00697,extreme,5.714285714285714e-05,250
EV00698,extreme,5.714285714285714e-05,250
EV00699,extreme,5.714285714285714e-05,250
EV00700,extreme,5.714285714285714e-05,250
EV00701,extreme,5.714285714285714e-05,250
EV00702,extreme,5.714285714285714e-05,250
EV00703,extreme,5.714285714285714e-05,250
EV00704,extreme,5.714285714285714e-05,250
EV00705,extreme,5.714285714285714e-05,250
EV00706,extreme,5.714285714285714e-05,250
EV00707,extreme,5.714285714285714e-05,250
EV00708,extreme,5.714285714285714e-05,250
EV00709,extreme,5.714285714285714e-05,250
EV00710,extreme,5.714285714285714e-05,250
EV00711,extreme,5.714285714285714e-05,250
EV00712,extreme,5.714285714285714e-05,250
EV00713,extreme,5.714285714285714e-05,250
EV00714,extreme,5.714285714285714e-05,250
EV00715,extreme,5.714285714285714e-05,250
EV00716,extreme,5.714285714285714e-05,250
EV00717,extreme,5.714285714285714e-05,250
EV00718,extreme,5.714285714285714e-05,250
EV00719,extreme,5.714285714285714e-05,250
EV00720,extreme,5.714285714285714e-05,250
EV00721,extreme,5.714285714285714e-05,250
EV00722,extreme,5.714285714285714e-05,250
EV00723,extreme,5.714285714285714e-05,250
EV00724,extreme,5.714285714285714e-05,250
EV00725,extreme,5.714285714285714e-05,250
EV00726,extreme,5.714285714285714e-05,250
EV00727,extreme,5.714285714285714e-05,250
EV00728,extreme,5.714285714285714e-05,250
EV00729,extreme,5.714285714285714e-05,250
EV00730,extreme,5.714285714285714e-05,250
EV00731,extreme,5.714285714285714e-05,250
EV00732,extreme,5.714285714285714e-05,250
EV00733,extreme,5.714285714285714e-05,250
EV00734,extreme,5.714285714285714e-05,250
EV00735,extreme,5.714285714285714e-05,250
EV00736,extreme,5.714285714285714e-05,250
EV00737,extreme,5.714285714285714e-05,250
EV00738,extreme,5.714285714285714e-05,250
EV00739,extreme,5.714285714285714e-05,250
EV00740,extreme,5.714285714285714e-05,250
EV00741,extreme,5.714285714285714e-05,250
EV00742,extreme,5.714285714285714e-05,250
EV00743,extreme,5.714285714285714e-05,250
EV00744,extreme,5.714285714285714e-05,250
EV00745,extreme,5.714285714285714e-05,250
EV00746,extreme,5.714285714285714e-05,250
EV00747,extreme,5.714285714285714e-05,250
EV00748,extreme,5.714285714285714e-05,250
EV00749,extreme,5.714285714285714e-05,250
EV00750,catastrophic,6.666666666666667e-05,500
EV00751,catastrophic,6.666666666666667e-05,500
EV00752,catastrophic,6.666666666666667e-05,500
EV00753,catastrophic,6.666666666666667e-05,500
EV00754,catastrophic,6.666666666666667e-05,500
EV00755,catastrophic,6.666666666666667e-05,500
EV00756,catastrophic,6.666666666666667e-05,500
EV00757,catastrophic,6.666666666666667e-05,500
EV00758,catastrophic,6.666666666666667e-05,500
EV00759,catastrophic,6.666666666666667e-05,500
EV00760,catastrophic,6.666666666666667e-05,500
EV00761,catastrophic,6.666666666666667e-05,500
EV00762,catastrophic,6.666666666666667e-05,500
EV00763,catastrophic,6.666666666666667e-05,500
EV00764,catastrophic,6.666666666666667e-05,500
EV00765,catastrophic,6.666666666666667e-05,500
EV00766,catastrophic,6.666666666666667e-05,500
EV00767,catastrophic,6.666666666666667e-05,500
EV00768,catastrophic,6.666666666666667e-05,500
EV00769,catastrophic,6.666666666666667e-05,500
EV00770,catastrophic,6.666666666666667e-05,500
EV00771,catastrophic,6.666666666666667e-05,500
EV00772,catastrophic,6.666666666666667e-05,500
EV00773,catastrophic,6.666666666666667e-05,500
EV00774,catastrophic,6.666666666666667e-05,500
EV00775,catastrophic,6.666666666666667e-05,500
EV00776,catastrophic,6.666666666666667e-05,500
EV00777,catastrophic,6.666666666666667e-05,500
EV00778,catastrophic,6.666666666666667e-05,500
EV00779,catastrophic,6.666666666666667e-05,500
EV00780,worst_case,5e-05,1000
EV00781,worst_case,5e-05,1000
EV00782,worst_case,5e-05,1000
EV00783,worst_case,5e-05,1000
EV00784,worst_case,5e-05,1000
EV00785,worst_case,5e-05,1000
EV00786,worst_case,5e-05,1000
EV00787,worst_case,5e-05,1000
EV00788,worst_case,5e-05,1000
EV00789,worst_case,5e-05,1000
EV00790,worst_case,5e-05,1000
EV00791,worst_case,5e-05,1000
EV00792,worst_case,5e-05,1000
EV00793,worst_case,5e-05,1000
EV00794,worst_case,5e-05,1000
EV00795,worst_case,5e-05,1000
EV00796,worst_case,5e-05,1000
EV00797,worst_case,5e-05,1000
EV00798,worst_case,5e-05,1000
EV00799,worst_case,5e-05,1000
